{
  "logistic_regression": {
    "pseudo_r_squared": 0.99999991892332,
    "aic": 136.0000089359462,
    "bic": 313.1515815831364,
    "n_observations": 100,
    "significant_features": 0
  },
  "ols_regression": {
    "r_squared": 0.84932437497419,
    "adj_r_squared": 0.46684009606251853,
    "aic": 78.07532098856237,
    "bic": 247.75948702983052,
    "n_observations": 93,
    "significant_features": 6
  }
}