{
  "tenure_days": 0.06480416676278944,
  "days_since_last_case_conference": 0.05227438004377299,
  "latest_family_cooperation_level_Neutral": 0.044363218669607046,
  "latest_energy_level_score": 0.040594613443671004,
  "days_since_last_visit": 0.03980904198682669,
  "bmi_latest": 0.0363751366298302,
  "age_at_cutoff": 0.03239995603645989,
  "latest_progress_percent": 0.027494548381318134,
  "health_score_trend": 0.02680009913806942,
  "attendance_trend": 0.02625682355347159,
  "days_since_last_session": 0.025851597623213686,
  "session_frequency_trend": 0.0250630346461147,
  "avg_session_duration_30d": 0.02485123407324857,
  "referral_source_Government Agency": 0.02472353696348593,
  "safehouse_avg_health_score_prior_month": 0.024315118772669175
}