{
  "stage1_model": "LogisticRegression",
  "stage1_cv_auc": 0.9089068046999682,
  "stage1_test_auc": 0.891297262059974,
  "stage1_test_f1": 0.819047619047619,
  "stage2_model": "GradientBoosting",
  "stage2_cv_r2": 0.36927409943404166,
  "stage2_test_r2": 0.43043171210039244,
  "stage2_test_mae_php": 51002.04545647026,
  "combined_correlation": 0.4914154947272178,
  "combined_mae_php": 33391.0185812171,
  "cutoff_date": "2025-07-18 17:56:00",
  "train_size": 649,
  "test_size": 163,
  "n_features": 111
}